Moon's Number,Moon's Id,Moon's Mass Exponent,Moon's Mass Value
1,Lune,22,7.346
2,Mimas,19,3.79
3,Encelade,20,1.08
4,Tethys,20,6.18
5,Dione,21,1.095
6,Rhea,21,2.3
7,Titan,23,1.3452
8,Hyperion,18,5.6
9,Japet,21,1.805
10,Phoebe,18,8.292
11,Janus,18,1.9
12,Epimethee,17,5.3
13,Helene,10,1.1
14,Telesto,16,1
15,Calypso,15,6.5
16,Atlas,15,7
17,Promethee,17,1.6
18,Pandore,17,1.4
19,Pan,15,4.95
20,Ymir,15,3.97
21,Paaliaq,15,7.25
22,Tarvos,15,2.3
23,IJiraq,15,1.18
24,Suttungr,14,2.3
25,Kiviuq,15,2.79
26,Mundilfari,14,2.3
27,Albiorix,16,2.23
28,Skathi,14,3.5
29,Erriapo,14,6.8
30,Siarnaq,16,4.35
31,Thrymr,14,2.3
32,Narvi,14,2.3
33,Methone,13,2
34,Pallene,13,6
35,Pollux,13,1
36,Daphnis,14,1
37,Aegir,14,1.5
38,Bebhionn,14,1.5
39,Bergelmir,14,1.5
40,Bestla,14,2.3
41,Farbauti,13,9
42,Fenrir,13,5
43,Fornjot,14,1.5
44,Hati,14,1.5
45,Hyrrokkin,14,3.5
46,Kari,14,2.3
47,Loge,14,1.5
48,Skoll,14,1.5
49,Surtur,14,1.5
50,Anthe,12,5
51,Jarnsaxa,14,1
52,Greip,14,1.5
53,Tarqeq,14,2.3
54,Egeon,11,1
55,S2004s7,14,1.5
56,S2004s12,13,9
57,S2004s13,14,1.5
58,S2004s17,13,5
59,S2006s1,14,1
60,S2006s3,14,1.5
61,S2007s2,14,1.5
62,S2007s3,14,1.5
63,S2009s1,11,1
64,Ariel,20,12.9
65,Umbriel,20,12.2
66,Titania,20,34.2
67,Oberon,20,28.8
68,Miranda,19,6.6
69,Cordelia,16,4.5
70,Ophelia,16,5.4
71,Bianca,16,9.2
72,Cressida,17,3.4
73,Desdemona,17,1.8
74,Juliet,17,5.6
75,Portia,18,1.7
76,Rosalind,17,0.25
77,Belinda,17,4.9
78,Puck,18,2.9
79,Caliban,17,2.5
80,Sycorax,18,2.3
81,Prospero,16,8.5
82,Setebos,16,7.5
83,Stephano,16,2.2
84,Trinculo,15,3.9
85,Francisco,15,7.2
86,Margaret,15,5.4
87,Ferdinand,15,5.4
88,Perdita,19,1.8
89,Mab,16,1
90,Cupid,15,3.8
91,Charon,21,1.58
92,Nix,16,4.5
93,Hydra,16,4.8
94,S2004s3,0,0
95,S2004s4,0,0
96,S2004s6,0,0
97,Remus,14,2
98,Vanth,19,3.6
99,Romulus,0,0
100,Weywot,0,0
101,Kerberos,16,1.64
102,Styx,15,7.5
103,Angrboda,0,0
104,S2004s21,0,0
105,Gridr,0,0
106,Skrymir,0,0
107,S2004s24,0,0
108,Gerd,0,0
109,S2004s26,0,0
110,Eggther,0,0
111,S2004s28,0,0
112,S2004s29,0,0
113,Beli,0,0
114,S2004s31,0,0
115,Gunnlod,0,0
116,Thiazzi,0,0
117,S2004s34,0,0
118,Alvaldi,0,0
119,S2004s36,0,0
120,S2004s37,0,0
121,Geirrod,0,0
122,S2004s39,0,0
123,S2004s41,0,0
124,S2004s40,0,0
125,S2004s42,0,0
126,S2004s43,0,0
127,S2004s44,0,0
128,S2004s45,0,0
129,S2004s46,0,0
130,S2004s47,0,0
131,S2004s48,0,0
132,S2004s49,0,0
133,S2004s50,0,0
134,S2004s51,0,0
135,S2004s52,0,0
136,S2004s53,0,0
137,S2005s4,0,0
138,S2005s5,0,0
139,S2006s10,0,0
140,S2006s11,0,0
141,S2006s12,0,0
142,S2006s13,0,0
143,S2006s14,0,0
144,S2006s15,0,0
145,S2006s16,0,0
146,S2006s17,0,0
147,S2006s18,0,0
148,S2006s19,0,0
149,S2006s20,0,0
150,S2007s5,0,0
151,S2007s6,0,0
152,S2007s7,0,0
153,S2007s8,0,0
154,S2007s9,0,0
155,S2019s1,0,0
156,S2019s10,0,0
157,S2019s11,0,0
158,S2019s12,0,0
159,S2019s13,0,0
160,S2019s14,0,0
161,S2019s15,0,0
162,S2019s16,0,0
163,S2019s17,0,0
164,S2019s18,0,0
165,S2019s19,0,0
166,S2019s2,0,0
167,S2019s20,0,0
168,S2019s21,0,0
169,S2019s3,0,0
170,S2019s4,0,0
171,S2019s5,0,0
172,S2019s6,0,0
173,S2019s7,0,0
174,S2019s8,0,0
175,S2019s9,0,0
176,S2020s1,0,0
177,S2020s10,0,0
178,S2020s2,0,0
179,S2020s3,0,0
180,S2020s4,0,0
181,S2020s5,0,0
182,S2020s6,0,0
183,S2020s7,0,0
184,S2020s8,0,0
185,S2020s9,0,0
186,S2006s9,0,0
187,S2023u1,0,0
188,S2025u1,0,0
189,S2019s22,0,0
190,S2019s23,0,0
191,S2019s26,0,0
192,S2019s32,0,0
193,S2019s35,0,0
194,S2019s37,0,0
195,S2019s41,0,0
196,S2019s44,0,0
197,S2020s11,0,0
198,S2020s12,0,0
199,S2020s13,0,0
200,S2020s16,0,0
201,S2020s17,0,0
202,S2020s19,0,0
203,S2020s20,0,0
204,S2020s22,0,0
205,S2020s23,0,0
206,S2020s24,0,0
207,S2020s30,0,0
208,S2020s31,0,0
209,S2020s33,0,0
210,S2020s34,0,0
211,S2020s38,0,0
212,S2020s39,0,0
213,S2020s41,0,0
214,S2020s42,0,0
215,S2020s43,0,0
216,S2020s44,0,0
217,S2023s1,0,0
218,S2023s2,0,0
219,S2023s3,0,0
220,S2023s5,0,0
221,S2023s6,0,0
222,S2023s7,0,0
223,S2023s8,0,0
224,S2023s9,0,0
225,S2023s10,0,0
226,S2023s13,0,0
227,S2023s16,0,0
228,S2023s17,0,0
229,S2023s18,0,0
230,S2023s19,0,0
231,S2023s20,0,0
232,S2023s21,0,0
233,S2023s22,0,0
234,S2023s23,0,0
235,S2023s24,0,0
236,S2023s25,0,0
237,S2023s27,0,0
238,S2023s29,0,0
239,S2023s30,0,0
240,S2023s32,0,0
241,S2023s33,0,0
242,S2023s34,0,0
243,S2023s42,0,0
244,S2023s43,0,0
245,S2023s45,0,0
246,S2023s46,0,0
247,S2023s47,0,0
248,S2023s49,0,0
249,S2023s50,0,0
250,S2004s54,0,0
251,S2004s55,0,0
252,S2004s56,0,0
253,S2004s57,0,0
254,S2004s58,0,0
255,S2004s59,0,0
256,S2004s60,0,0
257,S2004s61,0,0
258,S2005s6,0,0
259,S2005s7,0,0
260,S2006s21,0,0
261,S2006s22,0,0
262,S2006s23,0,0
263,S2006s24,0,0
264,S2006s25,0,0
265,S2006s26,0,0
266,S2006s27,0,0
267,S2006s28,0,0
268,S2006s29,0,0
269,S2007s10,0,0
270,S2007s11,0,0
271,S2019s24,0,0
272,S2019s25,0,0
273,S2019s27,0,0
274,S2019s29,0,0
275,S2019s31,0,0
276,S2019s33,0,0
277,S2019s34,0,0
278,S2019s40,0,0
279,S2019s42,0,0
280,S2019s43,0,0
281,S2020s26,0,0
282,S2020s27,0,0
283,S2019s28,0,0
284,S2019s30,0,0
285,S2019s36,0,0
286,S2019s38,0,0
287,S2019s39,0,0
288,S2020s14,0,0
289,S2020s15,0,0
290,S2020s18,0,0
291,S2020s21,0,0
292,S2020s25,0,0
293,S2020s28,0,0
294,S2020s29,0,0
295,S2020s32,0,0
296,S2020s35,0,0
297,S2020s36,0,0
298,S2020s37,0,0
299,S2020s40,0,0
300,S2023s4,0,0
301,S2023s11,0,0
302,S2023s12,0,0
303,S2023s14,0,0
304,S2023s15,0,0
305,S2023s26,0,0
306,S2023s28,0,0
307,S2023s31,0,0
308,S2023s35,0,0
309,S2023s36,0,0
310,S2023s37,0,0
311,S2023s38,0,0
312,S2023s39,0,0
313,S2023s40,0,0
314,S2023s41,0,0
315,S2023s44,0,0
316,S2023s48,0,0
317,S2020s45,0,0
318,S2020s46,0,0
319,S2020s47,0,0
320,S2020s48,0,0
321,S2020s51,0,0
322,S2020s52,0,0
323,S2020s53,0,0
324,S2020s54,0,0
325,S2020s55,0,0
326,S2020s56,0,0
327,S2020s57,0,0
328,Actee,0,0
329,S2023s58,13,1.669
330,S2023s59,13,1.669
331,S2023s60,13,1.917
332,S2023s61,13,2.901
333,S2023s62,13,1.669
334,S2020s49,13,1.669
335,S2023s63,13,5.789
336,S2009s2,0,0
