Planet's Number,Planet's Id,Planet's Semi-Major Axis,Total Moons,Moon's Number,Moon's Id
1,Uranus,2.8706583E+09,28,1,Ariel
1,Uranus,2.8706583E+09,28,2,Titania
1,Uranus,2.8706583E+09,28,3,Oberon
1,Uranus,2.8706583E+09,28,4,Miranda
1,Uranus,2.8706583E+09,28,5,Cordelia
1,Uranus,2.8706583E+09,28,6,Ophelia
1,Uranus,2.8706583E+09,28,7,Bianca
1,Uranus,2.8706583E+09,28,8,Cressida
1,Uranus,2.8706583E+09,28,9,Desdemona
1,Uranus,2.8706583E+09,28,10,Juliet
1,Uranus,2.8706583E+09,28,11,Portia
1,Uranus,2.8706583E+09,28,12,Rosalind
1,Uranus,2.8706583E+09,28,13,Belinda
1,Uranus,2.8706583E+09,28,14,Puck
1,Uranus,2.8706583E+09,28,15,Caliban
1,Uranus,2.8706583E+09,28,16,Sycorax
1,Uranus,2.8706583E+09,28,17,Prospero
1,Uranus,2.8706583E+09,28,18,Setebos
1,Uranus,2.8706583E+09,28,19,Stephano
1,Uranus,2.8706583E+09,28,20,Trinculo
1,Uranus,2.8706583E+09,28,21,Francisco
1,Uranus,2.8706583E+09,28,22,Margaret
1,Uranus,2.8706583E+09,28,23,Ferdinand
1,Uranus,2.8706583E+09,28,24,Perdita
1,Uranus,2.8706583E+09,28,25,Mab
1,Uranus,2.8706583E+09,28,26,Cupid
1,Uranus,2.8706583E+09,28,27,S2023u1
1,Uranus,2.8706583E+09,28,28,S2025u1
2,Neptune,4.4983967E+09,16,1,Triton
2,Neptune,4.4983967E+09,16,2,Nereide
2,Neptune,4.4983967E+09,16,3,Naiade
2,Neptune,4.4983967E+09,16,4,Thalassa
2,Neptune,4.4983967E+09,16,5,Despina
2,Neptune,4.4983967E+09,16,6,Galatee
2,Neptune,4.4983967E+09,16,7,Larissa
2,Neptune,4.4983967E+09,16,8,Protee
2,Neptune,4.4983967E+09,16,9,Halimede
2,Neptune,4.4983967E+09,16,10,Psamathee
2,Neptune,4.4983967E+09,16,11,Sao
2,Neptune,4.4983967E+09,16,12,Laomedie
2,Neptune,4.4983967E+09,16,13,Neso
2,Neptune,4.4983967E+09,16,14,Hippocampe
2,Neptune,4.4983967E+09,16,15,S2021n1
2,Neptune,4.4983967E+09,16,16,S2002n5
3,Jupiter,778340800,115,1,Io
3,Jupiter,778340800,115,2,Europe
3,Jupiter,778340800,115,3,Ganymede
3,Jupiter,778340800,115,4,Callisto
3,Jupiter,778340800,115,5,Amalthee
3,Jupiter,778340800,115,6,Himalia
3,Jupiter,778340800,115,7,Elara
3,Jupiter,778340800,115,8,Pasiphae
3,Jupiter,778340800,115,9,Sinope
3,Jupiter,778340800,115,10,Lysithea
3,Jupiter,778340800,115,11,Carme
3,Jupiter,778340800,115,12,Ananke
3,Jupiter,778340800,115,13,Leda
3,Jupiter,778340800,115,14,Thebe
3,Jupiter,778340800,115,15,Adrastee
3,Jupiter,778340800,115,16,Metis
3,Jupiter,778340800,115,17,Callirrhoe
3,Jupiter,778340800,115,18,Themisto
3,Jupiter,778340800,115,19,Megaclite
3,Jupiter,778340800,115,20,Taygete
3,Jupiter,778340800,115,21,Chaldene
3,Jupiter,778340800,115,22,Harpalyke
3,Jupiter,778340800,115,23,Kalyke
3,Jupiter,778340800,115,24,Iocaste
3,Jupiter,778340800,115,25,Erinome
3,Jupiter,778340800,115,26,Isonoe
3,Jupiter,778340800,115,27,Praxidike
3,Jupiter,778340800,115,28,Autonoe
3,Jupiter,778340800,115,29,Thyone
3,Jupiter,778340800,115,30,Hermippe
3,Jupiter,778340800,115,31,Aitne
3,Jupiter,778340800,115,32,Eurydome
3,Jupiter,778340800,115,33,Euanthe
3,Jupiter,778340800,115,34,Euporie
3,Jupiter,778340800,115,35,Orthosie
3,Jupiter,778340800,115,36,Sponde
3,Jupiter,778340800,115,37,Cale
3,Jupiter,778340800,115,38,Pasithee
3,Jupiter,778340800,115,39,Hegemone
3,Jupiter,778340800,115,40,Mneme
3,Jupiter,778340800,115,41,Aoede
3,Jupiter,778340800,115,42,Thelxinoe
3,Jupiter,778340800,115,43,Arche
3,Jupiter,778340800,115,44,Callichore
3,Jupiter,778340800,115,45,Helice
3,Jupiter,778340800,115,46,Carpo
3,Jupiter,778340800,115,47,Eukelade
3,Jupiter,778340800,115,48,Cyllene
3,Jupiter,778340800,115,49,Core
3,Jupiter,778340800,115,50,Herse
3,Jupiter,778340800,115,51,S2003j2
3,Jupiter,778340800,115,52,Eupheme
3,Jupiter,778340800,115,53,S2003j4
3,Jupiter,778340800,115,54,Eirene
3,Jupiter,778340800,115,55,S2003j9
3,Jupiter,778340800,115,56,S2003j10
3,Jupiter,778340800,115,57,S2003j12
3,Jupiter,778340800,115,58,Philophrosyne
3,Jupiter,778340800,115,59,S2003j16
3,Jupiter,778340800,115,60,S2003j18
3,Jupiter,778340800,115,61,S2003j19
3,Jupiter,778340800,115,62,S2003j23
3,Jupiter,778340800,115,63,Dia
3,Jupiter,778340800,115,64,S2010j1
3,Jupiter,778340800,115,65,S2010j2
3,Jupiter,778340800,115,66,S2011j1
3,Jupiter,778340800,115,67,S2011j2
3,Jupiter,778340800,115,68,S2017j1
3,Jupiter,778340800,115,69,S2016j1
3,Jupiter,778340800,115,70,Valetudo
3,Jupiter,778340800,115,71,S2017j2
3,Jupiter,778340800,115,72,S2017j3
3,Jupiter,778340800,115,73,Pandia
3,Jupiter,778340800,115,74,S2017j5
3,Jupiter,778340800,115,75,S2017j6
3,Jupiter,778340800,115,76,S2017j7
3,Jupiter,778340800,115,77,S2017j8
3,Jupiter,778340800,115,78,S2017j9
3,Jupiter,778340800,115,79,Ersa
3,Jupiter,778340800,115,80,S2003j24
3,Jupiter,778340800,115,81,S2011j3
3,Jupiter,778340800,115,82,S2016j3
3,Jupiter,778340800,115,83,S2016j4
3,Jupiter,778340800,115,84,S2018j2
3,Jupiter,778340800,115,85,S2018j3
3,Jupiter,778340800,115,86,S2018j4
3,Jupiter,778340800,115,87,S2021j1
3,Jupiter,778340800,115,88,S2021j2
3,Jupiter,778340800,115,89,S2021j3
3,Jupiter,778340800,115,90,S2021j4
3,Jupiter,778340800,115,91,S2021j5
3,Jupiter,778340800,115,92,S2021j6
3,Jupiter,778340800,115,93,S2022j1
3,Jupiter,778340800,115,94,S2022j2
3,Jupiter,778340800,115,95,S2022j3
3,Jupiter,778340800,115,96,S2017j11
3,Jupiter,778340800,115,97,S2017j10
3,Jupiter,778340800,115,98,S2011j4
3,Jupiter,778340800,115,99,S2018j5
3,Jupiter,778340800,115,100,S2024j1
3,Jupiter,778340800,115,101,S2011j5
3,Jupiter,778340800,115,102,S2010j3
3,Jupiter,778340800,115,103,S2011j6
3,Jupiter,778340800,115,104,S2017j12
3,Jupiter,778340800,115,105,S2017j13
3,Jupiter,778340800,115,106,S2017j14
3,Jupiter,778340800,115,107,S2010j4
3,Jupiter,778340800,115,108,S2017j15
3,Jupiter,778340800,115,109,S2017j16
3,Jupiter,778340800,115,110,S2017j17
3,Jupiter,778340800,115,111,S2017j18
3,Jupiter,778340800,115,112,S2010j5
3,Jupiter,778340800,115,113,S2010j6
3,Jupiter,778340800,115,114,S2021j7
3,Jupiter,778340800,115,115,S2021j8
4,Mars,227939200,2,1,Phobos
4,Mars,227939200,2,2,Deimos
5,Mercure,57909050,0,-,-
6,Saturne,1.4266664E+09,293,1,Mimas
6,Saturne,1.4266664E+09,293,2,Encelade
6,Saturne,1.4266664E+09,293,3,Tethys
6,Saturne,1.4266664E+09,293,4,Dione
6,Saturne,1.4266664E+09,293,5,Rhea
6,Saturne,1.4266664E+09,293,6,Titan
6,Saturne,1.4266664E+09,293,7,Hyperion
6,Saturne,1.4266664E+09,293,8,Japet
6,Saturne,1.4266664E+09,293,9,Phoebe
6,Saturne,1.4266664E+09,293,10,Janus
6,Saturne,1.4266664E+09,293,11,Epimethee
6,Saturne,1.4266664E+09,293,12,Helene
6,Saturne,1.4266664E+09,293,13,Telesto
6,Saturne,1.4266664E+09,293,14,Calypso
6,Saturne,1.4266664E+09,293,15,Atlas
6,Saturne,1.4266664E+09,293,16,Promethee
6,Saturne,1.4266664E+09,293,17,Pandore
6,Saturne,1.4266664E+09,293,18,Pan
6,Saturne,1.4266664E+09,293,19,Ymir
6,Saturne,1.4266664E+09,293,20,Paaliaq
6,Saturne,1.4266664E+09,293,21,Tarvos
6,Saturne,1.4266664E+09,293,22,IJiraq
6,Saturne,1.4266664E+09,293,23,Suttungr
6,Saturne,1.4266664E+09,293,24,Kiviuq
6,Saturne,1.4266664E+09,293,25,Mundilfari
6,Saturne,1.4266664E+09,293,26,Albiorix
6,Saturne,1.4266664E+09,293,27,Skathi
6,Saturne,1.4266664E+09,293,28,Erriapo
6,Saturne,1.4266664E+09,293,29,Siarnaq
6,Saturne,1.4266664E+09,293,30,Thrymr
6,Saturne,1.4266664E+09,293,31,Narvi
6,Saturne,1.4266664E+09,293,32,Methone
6,Saturne,1.4266664E+09,293,33,Pallene
6,Saturne,1.4266664E+09,293,34,Pollux
6,Saturne,1.4266664E+09,293,35,Daphnis
6,Saturne,1.4266664E+09,293,36,Aegir
6,Saturne,1.4266664E+09,293,37,Bebhionn
6,Saturne,1.4266664E+09,293,38,Bergelmir
6,Saturne,1.4266664E+09,293,39,Bestla
6,Saturne,1.4266664E+09,293,40,Farbauti
6,Saturne,1.4266664E+09,293,41,Fenrir
6,Saturne,1.4266664E+09,293,42,Fornjot
6,Saturne,1.4266664E+09,293,43,Hati
6,Saturne,1.4266664E+09,293,44,Hyrrokkin
6,Saturne,1.4266664E+09,293,45,Kari
6,Saturne,1.4266664E+09,293,46,Loge
6,Saturne,1.4266664E+09,293,47,Skoll
6,Saturne,1.4266664E+09,293,48,Surtur
6,Saturne,1.4266664E+09,293,49,Anthe
6,Saturne,1.4266664E+09,293,50,Jarnsaxa
6,Saturne,1.4266664E+09,293,51,Greip
6,Saturne,1.4266664E+09,293,52,Tarqeq
6,Saturne,1.4266664E+09,293,53,Egeon
6,Saturne,1.4266664E+09,293,54,S2004s7
6,Saturne,1.4266664E+09,293,55,S2004s12
6,Saturne,1.4266664E+09,293,56,S2004s13
6,Saturne,1.4266664E+09,293,57,S2004s17
6,Saturne,1.4266664E+09,293,58,S2006s1
6,Saturne,1.4266664E+09,293,59,S2006s3
6,Saturne,1.4266664E+09,293,60,S2007s2
6,Saturne,1.4266664E+09,293,61,S2007s3
6,Saturne,1.4266664E+09,293,62,S2009s1
6,Saturne,1.4266664E+09,293,63,Angrboda
6,Saturne,1.4266664E+09,293,64,S2004s21
6,Saturne,1.4266664E+09,293,65,Gridr
6,Saturne,1.4266664E+09,293,66,Skrymir
6,Saturne,1.4266664E+09,293,67,S2004s24
6,Saturne,1.4266664E+09,293,68,Gerd
6,Saturne,1.4266664E+09,293,69,S2004s26
6,Saturne,1.4266664E+09,293,70,Eggther
6,Saturne,1.4266664E+09,293,71,S2004s28
6,Saturne,1.4266664E+09,293,72,S2004s29
6,Saturne,1.4266664E+09,293,73,Beli
6,Saturne,1.4266664E+09,293,74,S2004s31
6,Saturne,1.4266664E+09,293,75,Gunnlod
6,Saturne,1.4266664E+09,293,76,Thiazzi
6,Saturne,1.4266664E+09,293,77,S2004s34
6,Saturne,1.4266664E+09,293,78,Alvaldi
6,Saturne,1.4266664E+09,293,79,S2004s36
6,Saturne,1.4266664E+09,293,80,S2004s37
6,Saturne,1.4266664E+09,293,81,Geirrod
6,Saturne,1.4266664E+09,293,82,S2004s39
6,Saturne,1.4266664E+09,293,83,S2004s41
6,Saturne,1.4266664E+09,293,84,S2004s40
6,Saturne,1.4266664E+09,293,85,S2004s42
6,Saturne,1.4266664E+09,293,86,S2004s43
6,Saturne,1.4266664E+09,293,87,S2004s44
6,Saturne,1.4266664E+09,293,88,S2004s45
6,Saturne,1.4266664E+09,293,89,S2004s46
6,Saturne,1.4266664E+09,293,90,S2004s47
6,Saturne,1.4266664E+09,293,91,S2004s48
6,Saturne,1.4266664E+09,293,92,S2004s49
6,Saturne,1.4266664E+09,293,93,S2004s50
6,Saturne,1.4266664E+09,293,94,S2004s51
6,Saturne,1.4266664E+09,293,95,S2004s52
6,Saturne,1.4266664E+09,293,96,S2004s53
6,Saturne,1.4266664E+09,293,97,S2005s4
6,Saturne,1.4266664E+09,293,98,S2005s5
6,Saturne,1.4266664E+09,293,99,S2006s10
6,Saturne,1.4266664E+09,293,100,S2006s11
6,Saturne,1.4266664E+09,293,101,S2006s12
6,Saturne,1.4266664E+09,293,102,S2006s13
6,Saturne,1.4266664E+09,293,103,S2006s14
6,Saturne,1.4266664E+09,293,104,S2006s15
6,Saturne,1.4266664E+09,293,105,S2006s16
6,Saturne,1.4266664E+09,293,106,S2006s17
6,Saturne,1.4266664E+09,293,107,S2006s18
6,Saturne,1.4266664E+09,293,108,S2006s19
6,Saturne,1.4266664E+09,293,109,S2006s20
6,Saturne,1.4266664E+09,293,110,S2007s5
6,Saturne,1.4266664E+09,293,111,S2007s6
6,Saturne,1.4266664E+09,293,112,S2007s7
6,Saturne,1.4266664E+09,293,113,S2007s8
6,Saturne,1.4266664E+09,293,114,S2007s9
6,Saturne,1.4266664E+09,293,115,S2019s1
6,Saturne,1.4266664E+09,293,116,S2019s10
6,Saturne,1.4266664E+09,293,117,S2019s11
6,Saturne,1.4266664E+09,293,118,S2019s12
6,Saturne,1.4266664E+09,293,119,S2019s13
6,Saturne,1.4266664E+09,293,120,S2019s14
6,Saturne,1.4266664E+09,293,121,S2019s15
6,Saturne,1.4266664E+09,293,122,S2019s16
6,Saturne,1.4266664E+09,293,123,S2019s17
6,Saturne,1.4266664E+09,293,124,S2019s18
6,Saturne,1.4266664E+09,293,125,S2019s19
6,Saturne,1.4266664E+09,293,126,S2019s2
6,Saturne,1.4266664E+09,293,127,S2019s20
6,Saturne,1.4266664E+09,293,128,S2019s21
6,Saturne,1.4266664E+09,293,129,S2019s3
6,Saturne,1.4266664E+09,293,130,S2019s4
6,Saturne,1.4266664E+09,293,131,S2019s5
6,Saturne,1.4266664E+09,293,132,S2019s6
6,Saturne,1.4266664E+09,293,133,S2019s7
6,Saturne,1.4266664E+09,293,134,S2019s8
6,Saturne,1.4266664E+09,293,135,S2019s9
6,Saturne,1.4266664E+09,293,136,S2020s1
6,Saturne,1.4266664E+09,293,137,S2020s10
6,Saturne,1.4266664E+09,293,138,S2020s2
6,Saturne,1.4266664E+09,293,139,S2020s3
6,Saturne,1.4266664E+09,293,140,S2020s4
6,Saturne,1.4266664E+09,293,141,S2020s5
6,Saturne,1.4266664E+09,293,142,S2020s6
6,Saturne,1.4266664E+09,293,143,S2020s7
6,Saturne,1.4266664E+09,293,144,S2020s8
6,Saturne,1.4266664E+09,293,145,S2020s9
6,Saturne,1.4266664E+09,293,146,S2006s9
6,Saturne,1.4266664E+09,293,147,S2019s22
6,Saturne,1.4266664E+09,293,148,S2019s23
6,Saturne,1.4266664E+09,293,149,S2019s26
6,Saturne,1.4266664E+09,293,150,S2019s32
6,Saturne,1.4266664E+09,293,151,S2019s35
6,Saturne,1.4266664E+09,293,152,S2019s37
6,Saturne,1.4266664E+09,293,153,S2019s41
6,Saturne,1.4266664E+09,293,154,S2019s44
6,Saturne,1.4266664E+09,293,155,S2020s11
6,Saturne,1.4266664E+09,293,156,S2020s12
6,Saturne,1.4266664E+09,293,157,S2020s13
6,Saturne,1.4266664E+09,293,158,S2020s16
6,Saturne,1.4266664E+09,293,159,S2020s17
6,Saturne,1.4266664E+09,293,160,S2020s19
6,Saturne,1.4266664E+09,293,161,S2020s20
6,Saturne,1.4266664E+09,293,162,S2020s22
6,Saturne,1.4266664E+09,293,163,S2020s23
6,Saturne,1.4266664E+09,293,164,S2020s24
6,Saturne,1.4266664E+09,293,165,S2020s30
6,Saturne,1.4266664E+09,293,166,S2020s31
6,Saturne,1.4266664E+09,293,167,S2020s33
6,Saturne,1.4266664E+09,293,168,S2020s34
6,Saturne,1.4266664E+09,293,169,S2020s38
6,Saturne,1.4266664E+09,293,170,S2020s39
6,Saturne,1.4266664E+09,293,171,S2020s41
6,Saturne,1.4266664E+09,293,172,S2020s42
6,Saturne,1.4266664E+09,293,173,S2020s43
6,Saturne,1.4266664E+09,293,174,S2020s44
6,Saturne,1.4266664E+09,293,175,S2023s1
6,Saturne,1.4266664E+09,293,176,S2023s2
6,Saturne,1.4266664E+09,293,177,S2023s3
6,Saturne,1.4266664E+09,293,178,S2023s5
6,Saturne,1.4266664E+09,293,179,S2023s6
6,Saturne,1.4266664E+09,293,180,S2023s7
6,Saturne,1.4266664E+09,293,181,S2023s8
6,Saturne,1.4266664E+09,293,182,S2023s9
6,Saturne,1.4266664E+09,293,183,S2023s10
6,Saturne,1.4266664E+09,293,184,S2023s13
6,Saturne,1.4266664E+09,293,185,S2023s16
6,Saturne,1.4266664E+09,293,186,S2023s17
6,Saturne,1.4266664E+09,293,187,S2023s18
6,Saturne,1.4266664E+09,293,188,S2023s19
6,Saturne,1.4266664E+09,293,189,S2023s20
6,Saturne,1.4266664E+09,293,190,S2023s21
6,Saturne,1.4266664E+09,293,191,S2023s22
6,Saturne,1.4266664E+09,293,192,S2023s23
6,Saturne,1.4266664E+09,293,193,S2023s24
6,Saturne,1.4266664E+09,293,194,S2023s25
6,Saturne,1.4266664E+09,293,195,S2023s27
6,Saturne,1.4266664E+09,293,196,S2023s29
6,Saturne,1.4266664E+09,293,197,S2023s30
6,Saturne,1.4266664E+09,293,198,S2023s32
6,Saturne,1.4266664E+09,293,199,S2023s33
6,Saturne,1.4266664E+09,293,200,S2023s34
6,Saturne,1.4266664E+09,293,201,S2023s42
6,Saturne,1.4266664E+09,293,202,S2023s43
6,Saturne,1.4266664E+09,293,203,S2023s45
6,Saturne,1.4266664E+09,293,204,S2023s46
6,Saturne,1.4266664E+09,293,205,S2023s47
6,Saturne,1.4266664E+09,293,206,S2023s49
6,Saturne,1.4266664E+09,293,207,S2023s50
6,Saturne,1.4266664E+09,293,208,S2004s54
6,Saturne,1.4266664E+09,293,209,S2004s55
6,Saturne,1.4266664E+09,293,210,S2004s56
6,Saturne,1.4266664E+09,293,211,S2004s57
6,Saturne,1.4266664E+09,293,212,S2004s58
6,Saturne,1.4266664E+09,293,213,S2004s59
6,Saturne,1.4266664E+09,293,214,S2004s60
6,Saturne,1.4266664E+09,293,215,S2004s61
6,Saturne,1.4266664E+09,293,216,S2005s6
6,Saturne,1.4266664E+09,293,217,S2005s7
6,Saturne,1.4266664E+09,293,218,S2006s21
6,Saturne,1.4266664E+09,293,219,S2006s22
6,Saturne,1.4266664E+09,293,220,S2006s23
6,Saturne,1.4266664E+09,293,221,S2006s24
6,Saturne,1.4266664E+09,293,222,S2006s25
6,Saturne,1.4266664E+09,293,223,S2006s26
6,Saturne,1.4266664E+09,293,224,S2006s27
6,Saturne,1.4266664E+09,293,225,S2006s28
6,Saturne,1.4266664E+09,293,226,S2006s29
6,Saturne,1.4266664E+09,293,227,S2007s10
6,Saturne,1.4266664E+09,293,228,S2007s11
6,Saturne,1.4266664E+09,293,229,S2019s24
6,Saturne,1.4266664E+09,293,230,S2019s25
6,Saturne,1.4266664E+09,293,231,S2019s27
6,Saturne,1.4266664E+09,293,232,S2019s29
6,Saturne,1.4266664E+09,293,233,S2019s31
6,Saturne,1.4266664E+09,293,234,S2019s33
6,Saturne,1.4266664E+09,293,235,S2019s34
6,Saturne,1.4266664E+09,293,236,S2019s40
6,Saturne,1.4266664E+09,293,237,S2019s42
6,Saturne,1.4266664E+09,293,238,S2019s43
6,Saturne,1.4266664E+09,293,239,S2020s26
6,Saturne,1.4266664E+09,293,240,S2020s27
6,Saturne,1.4266664E+09,293,241,S2019s28
6,Saturne,1.4266664E+09,293,242,S2019s30
6,Saturne,1.4266664E+09,293,243,S2019s36
6,Saturne,1.4266664E+09,293,244,S2019s38
6,Saturne,1.4266664E+09,293,245,S2019s39
6,Saturne,1.4266664E+09,293,246,S2020s14
6,Saturne,1.4266664E+09,293,247,S2020s15
6,Saturne,1.4266664E+09,293,248,S2020s18
6,Saturne,1.4266664E+09,293,249,S2020s21
6,Saturne,1.4266664E+09,293,250,S2020s25
6,Saturne,1.4266664E+09,293,251,S2020s28
6,Saturne,1.4266664E+09,293,252,S2020s29
6,Saturne,1.4266664E+09,293,253,S2020s32
6,Saturne,1.4266664E+09,293,254,S2020s35
6,Saturne,1.4266664E+09,293,255,S2020s36
6,Saturne,1.4266664E+09,293,256,S2020s37
6,Saturne,1.4266664E+09,293,257,S2020s40
6,Saturne,1.4266664E+09,293,258,S2023s4
6,Saturne,1.4266664E+09,293,259,S2023s11
6,Saturne,1.4266664E+09,293,260,S2023s12
6,Saturne,1.4266664E+09,293,261,S2023s14
6,Saturne,1.4266664E+09,293,262,S2023s15
6,Saturne,1.4266664E+09,293,263,S2023s26
6,Saturne,1.4266664E+09,293,264,S2023s28
6,Saturne,1.4266664E+09,293,265,S2023s31
6,Saturne,1.4266664E+09,293,266,S2023s35
6,Saturne,1.4266664E+09,293,267,S2023s36
6,Saturne,1.4266664E+09,293,268,S2023s37
6,Saturne,1.4266664E+09,293,269,S2023s38
6,Saturne,1.4266664E+09,293,270,S2023s39
6,Saturne,1.4266664E+09,293,271,S2023s40
6,Saturne,1.4266664E+09,293,272,S2023s41
6,Saturne,1.4266664E+09,293,273,S2023s44
6,Saturne,1.4266664E+09,293,274,S2023s48
6,Saturne,1.4266664E+09,293,275,S2020s45
6,Saturne,1.4266664E+09,293,276,S2020s46
6,Saturne,1.4266664E+09,293,277,S2020s47
6,Saturne,1.4266664E+09,293,278,S2020s48
6,Saturne,1.4266664E+09,293,279,S2020s51
6,Saturne,1.4266664E+09,293,280,S2020s52
6,Saturne,1.4266664E+09,293,281,S2020s53
6,Saturne,1.4266664E+09,293,282,S2020s54
6,Saturne,1.4266664E+09,293,283,S2020s55
6,Saturne,1.4266664E+09,293,284,S2020s56
6,Saturne,1.4266664E+09,293,285,S2020s57
6,Saturne,1.4266664E+09,293,286,S2023s58
6,Saturne,1.4266664E+09,293,287,S2023s59
6,Saturne,1.4266664E+09,293,288,S2023s60
6,Saturne,1.4266664E+09,293,289,S2023s61
6,Saturne,1.4266664E+09,293,290,S2023s62
6,Saturne,1.4266664E+09,293,291,S2020s49
6,Saturne,1.4266664E+09,293,292,S2023s63
6,Saturne,1.4266664E+09,293,293,S2009s2
7,Terre,149598020,1,1,Lune
8,Venus,108208470,0,-,-
